userid,fileid
athiranc,1-5iCgjZNMvXWy8vfqwJMbs91I2mAuFTQ
dprithik,1-DDzSHKNA--r2D-B-wJa16DJKVC9_Ulp
aaroac,1-Fo3_KKTA5XgcsXR_Z96ibz_2GpuI0c6
pradanir,1-hdVJAqnrfc6NnJa-tpznRI2FKGniX8w
praintra,1-lgFGbB2TSw1o78MQv-yeAhm0PI-iKqL
pjanartl,100uP5ZISwIG2zZqjBFKdnwpYgPIf6qTv
smkowsal,10vFVl68fiLMgjSswwv2xhquKCek-c1RE
sowmiyei,11Cdj1_5i7zeI0mw_CtMHIR0EBAsEmUHe
muneevma,11MkhvuSODFwN_G1pjzfoU4p6CJXOGrmd
vishnms,11_CcawRAyQ76_o7lw2XADjh0GnfZoPFU
ikharith,12TuCPAZvjNZYbf6pV9ymlk8LZ-DR4NuQ
hemabl,12t8HGV_gYt4jnKOe8LGZvRLkZJL6mEBk
balajinp,13A1F_16_ZtLULOD_GPWGgLWu3D8Ca7Tw
qkkeerth,14F2_SWpnEiVZMA_0LzzcCaGfgJ2Vg0nk
zvmsibir,15--HP2Pn5AtUQPY2uBnxn4xlBX2CeW82
balamany,15r5OpNfDSi2xlSta-GSjbleuNMNsN90m
ragavrag,16ysdhXiiByOc8WCKPpG1j_tsAxQyMydl
mrmmrram,17-NDXRKcv3U1aFU6720ON_aOTMtMxbbP
hcfaseel,18cEx0kCCNHShuQ8n1kLdif7fNnPojYxe
gdvijay,1ABpzTu_vXugY1EoiJOjRVLGBV8LLwiYw
dattatrh,1B16re0znOc3CQsvJHDuCx-SqnqbrtL8W
vmerlije,1DAlARHZFbshOc_aGlaGw49kvt6aXx0Vi
xwmdx,1ECYKz-QmvWn4vA2O_2a4nnHrRpeheFST
swathibq,1EDdDOJN5CAwM7u_1OfceXvXSTJOSMBK2
thipunit,1EMVcZSoVe1YF1m0r0a0Nbf9tGrutyxq_
aruniz,1FY1v5s1E3BLVwihXpuXCxS_qdsJs0cVM
pusparm,1GA67KmqQN0gZ2UGOIQxwsbpjcScOYFNy
swathigt,1Ip2JF9z3DbD6cOPSqnyQDAhFUfcXgcbi
nallatka,1N8gFDxMaO2PcuZwv2anHyoBXtbbPDAmm
imahalk,1NRDoRP7h00t0t83I9YCvhlG0CQrZ4Mvw
gvishnk,1NRj_3MMAgMVZTTym9fw464gfzDTuCxgI
srakhila,1OeKdFqBum6uSHhZeHayDqNGmemMLZJ89
csekarja,1PhaniFG9HTQUYcx_iRyQ4NJKWzd1eYVf
ovjenish,1QcDO_utDV7V_DaMD0-4yiHunRWSk_KUh
karthmel,1RqY891QfN1Ruq1X7-H8TcDVQjrpQ3lYA
ponserma,1TgDvaE8tI-5vRMf7oj_eqlVNiUkjy27F
bkaviyap,1VSX0zYu9CNdYwk2IjKBoswcSpC4Q06er
hpriyang,1VU5TNSkkc16MeOWR4HRGUYwYJIgRyOKp
kragmuru,1WHR25uO8ge1wIjTzYv4nR6XLYAnChNkO
easwarir,1W_ojVQz1F69OLlMAhnYeRYv5_f2kXeSj
vargeeca,1WlGLV9ZAaECYe1smAKZYFGMnzD5G5COb
ugkhq,1Wrsiwq5pxlEIhr2EBjBJuMkP--cShr1R
cshankak,1Z0Gjcr62MXXjpIHj1F5mpUepjZnKkP2E
efjayasr,1ZDo0rC2pFoR6TxK2UJaU1tYh8e3x3o6j
suramesq,1ZTUbydJjtHB2Ln0K31hPNL6hHQWgbHaT
ijenibav,1_Bpfe6v30K3k8vEZNfiKEAEXqpiYeueO
ajithjm,1a7vNgrdgwo5ItLkMz-8VJ3lIBo8FQDDL
gengeswa,1azYCyVhXaLRNNvpthaPbUhUlT4-0OSm7
swethkar,1bjrsFiCks1oP0c0GeDJe4ZdOYXVyXN05
ckdharan,1cWl4IhUq2JTfYomNwMQ5TlREdgC676BQ
nishardh,1d1uRVw4HYkr89h-R1-ayzIKHed7_Slz1
onandhi,1dF2PwupLlDRtpZgqmgJi_KOicK3CfFgw
sibinta,1dcqGZ06NbAPeGDDSgFqr8kiIkfaMkURd
nivethaz,1di53_FiURmch8PEwoqj-TGjZTR8Nxxao
dhiraviu,1djMMowZguChzgJ_HTaXFqAsnjTDQywhX
mromprak,1gHiKoNeDnhMjq5Ju3bWKtnuPH3_sl-Rd
tngomath,1ien27C8DhTbtRTAGUgq3kVs0OEq-sdd8
arunsabm,1igpF12CJjqA1qoXJsPvqH7_pmFiDTQpv
pnikhilc,1jj7kctCrrNjSwnIjHNjb4CXMpjV4-vPu
dharmuru,1lTf4ouYGg2Yxe3HGfeYTXgojYjP_nny1
mykalais,1lYnGTJxMkbLVFs539CefbStsu4RDjFMZ
rarvinz,1m2iwEaykcBoLWBBUL8UHRbGR-lA-LMWD
gopikasq,1o0TY9vwotUM0UBIAvnTPW_XlSonVrMbZ
mabhuvan,1oD9vUm6mxjH133l1WDAivGbs__Ogweo8
tivae,1oGIuwNdy01Na58_NrL8JfoBKBrWnmvvr
arivazgz,1oWgCm4664Ip2HpRzyozOslRyLvDgZH0l
rramesq,1qYiglfeBqXJfqti9UpotVbYRLaTN6vLy
jrrevath,1rpYUyXNwk5Wi8L058vdQXh67V-T8rNxX
harihmal,1rs0wzZk8ORkfQCdgFUE8Cj_BE5TQr9nX
pfdhanu,1vJiQoon1DL3i6kjlmUwLNyeXLCQ1JJHV
nananthy,1vc5W5SU16m7MMWGRn5oWYWUwNRN5HiL0
akashij,1wJIzMe_xEE7EsQovRAaka7Cev7blWE5n
nrpriy,1wlcYDnx6ye8urBnZhve5vIEXTOE7ARR4
tppriyam,1xT4atBbJz0LIedQz-lsjyB_y2TAW4VUo
abinaykr,1y9eIFewAxMOeGqi3Ka4OinDJ2RrmdIZE
supriyds,1yUYb10C6WNYJlZ15ya73DsMqzqXmTbD7
muimanju,1z539PMOVVVxvGaAJ2_v6FdK6Qlu20MHH
xsnithin,1zWMvul9iLX_g3lphofc6YkhBWno4sOGx